T_obs yrs,A x 1e45,alpha,a1,b1,f2,ak,bk
4.0,2.736421303971978,17.28415008803149,-5.517504727020104,42.161871372294804,0.0006841051036921383,14.225426839443905,-118.10650320929403
2.0,2.8047613370915263,2.6498504005577375,-0.14991369297032925,-1.572204663241721,0.00012509753479407777,-0.1461058878623028,-1.3577520771079157
1.0,2.486949202587441,2.879648361446427,0.1312598155778345,-3.631492151803068,0.000486746403744532,-0.15750523647853948,-1.2869787927016105
